7.9_raw.csv_filtered_by_correlation15_SNR20_all_replacement_strategy_1,2022-11-26 23:05:48.265029
7.9_raw.csv_filtered_by_correlation15_SNR20_individual_replacement_strategy_1,2022-11-26 23:05:48.314918
7.6_raw.csv_filtered_by_correlation15_SNR20_all_replacement_strategy_1,2022-11-26 23:05:48.384736
7.6_raw.csv_filtered_by_correlation15_SNR20_individual_replacement_strategy_1,2022-11-26 23:05:48.446432
7.2_raw.csv_filtered_by_correlation15_SNR20_all_replacement_strategy_1,2022-11-26 23:05:48.520265
7.2_raw.csv_filtered_by_correlation15_SNR20_individual_replacement_strategy_1,2022-11-26 23:05:48.572108
Complete Duration,0:00:59.175967
7.9_raw.csv_filtered_by_correlation22_SNR45_Acceleration_1.5_all_replacement_strategy_5,2022-11-29 14:20:15.230184
7.9_raw.csv_filtered_by_correlation22_SNR45_acceleration_1.5_individual_replacement_strategy_5,2022-11-29 14:20:15.320847
7.6_raw.csv_filtered_by_correlation22_SNR45_Acceleration_1.5_all_replacement_strategy_5,2022-11-29 14:20:15.424867
7.6_raw.csv_filtered_by_correlation22_SNR45_acceleration_1.5_individual_replacement_strategy_5,2022-11-29 14:20:15.515090
7.2_raw.csv_filtered_by_correlation22_SNR45_Acceleration_1.5_all_replacement_strategy_5,2022-11-29 14:20:15.609289
7.2_raw.csv_filtered_by_correlation22_SNR45_acceleration_1.5_individual_replacement_strategy_5,2022-11-29 14:20:15.697978
Complete Duration,0:03:52.785247
Complete Duration,0:00:00.281449
Complete Duration,0:00:00.322080
Complete Duration,0:00:00.169878
Complete Duration,0:00:00.184341
Complete Duration,0:00:00.185108
Complete Duration,0:00:00.228094
Complete Duration,0:00:00.134801
Complete Duration,0:00:00.073622
Complete Duration,0:00:00.098505
Complete Duration,0:00:00.191735
Complete Duration,0:00:00.180766
Complete Duration,0:00:00.205319
Complete Duration,0:00:00.186565
Complete Duration,0:00:00.139693
Complete Duration,0:00:00.093777
Complete Duration,0:00:00.128786
Complete Duration,0:00:00.104245
Complete Duration,0:00:00.085890
Complete Duration,0:00:00.088802
Complete Duration,0:00:00.089622
Complete Duration,0:00:00.244034
